INSERT INTO public.request_head(
    uuid,
    plan_uuid,
    plan_id,
    type_request_id,
    request_subject,
    start_date,
    end_date,
    status_id,
    created_by,
    changed_by,
    created_at,
    changed_at
) VALUES
      ('00000000-0000-0000-0000-000000000001','90000000-0000-0000-0000-000000000001',10,1,'help','2030-02-12','2030-02-12',90,999,998,'1999-01-01','2024-01-01'),
      ('00000000-0000-0000-0000-000000000002','90000000-0000-0000-0000-000000000002',11,1,'help','2030-02-12','2030-02-12',150,999,998,'1999-01-01','2024-01-01'),
      ('00000000-0000-0000-0000-000000000003','90000000-0000-0000-0000-000000000003',12,1,'help','2030-02-12','2030-02-12',70,999,998,'1999-01-01','2024-01-01'),
      ('00000000-0000-0000-0000-000000000004','90000000-0000-0000-0000-000000000004',13,1,'help','2030-02-12','2030-02-12',10,999,998,'1999-01-01','2024-01-01');

INSERT INTO public.request_partner(
    uuid,
    request_uuid,
    supplier_id,
    is_public,
    is_removed
) VALUES
      ('00000000-0000-0000-0000-100000000001', '00000000-0000-0000-0000-000000000001', 1, true, false),
      ('00000000-0000-0000-0000-100000000002', '00000000-0000-0000-0000-000000000001', 2, true, false),
      ('00000000-0000-0000-0000-100000000003', '00000000-0000-0000-0000-000000000001', 3, false, false),
      ('00000000-0000-0000-0000-100000000004', '00000000-0000-0000-0000-000000000001', 4, false, false),
      ('00000000-0000-0000-0000-100000000005', '00000000-0000-0000-0000-000000000001', 5, false, false),
      ('00000000-0000-0000-0000-100000000006', '00000000-0000-0000-0000-000000000003', 6, false, false),
      ('00000000-0000-0000-0000-100000000007', '00000000-0000-0000-0000-000000000003', 7, false, false);


INSERT INTO public.proposal_head(
    uuid,
    request_uuid,
    supplier_uuid,
    status_id,
    start_date,
    end_date,
    created_by,
    changed_by,
    created_at,
    changed_at,
    receive_date,
    status_check_id
) VALUES
      ('00000000-0000-0000-0000-000000000001','00000000-0000-0000-0000-000000000001','00000000-0000-0000-0000-100000000001',10, now(),now(),999,998,'1999-01-01','2024-01-01','2024-01-01 00:00:00',30),
      ('00000000-0000-0000-0000-000000000002','00000000-0000-0000-0000-000000000001','00000000-0000-0000-0000-100000000002',10, now(),now(),999,998,'1999-01-01','2024-01-01','2024-01-01 00:00:00',40),
      ('00000000-0000-0000-0000-000000000003','00000000-0000-0000-0000-000000000001','00000000-0000-0000-0000-100000000003',20, now(),now(),999,998,'1999-01-01','2024-01-01','2024-01-01 00:00:00',40),
      ('00000000-0000-0000-0000-000000000004','00000000-0000-0000-0000-000000000001','00000000-0000-0000-0000-100000000004',10, now(),now(),999,998,'1999-01-01','2024-01-01','2024-01-01 00:00:00',0),
      ('00000000-0000-0000-0000-000000000005','00000000-0000-0000-0000-000000000001','00000000-0000-0000-0000-100000000005',10, now(),now(),999,998,'1999-01-01','2024-01-01','2024-01-01 00:00:00',0);