INSERT INTO public.request_head(
    uuid,
    plan_uuid,
    plan_id, --3
    type_request_id,
    request_subject, --5
    start_date,
    end_date,
    status_id, --7
    created_by,
    changed_by, --9
    created_at,
    changed_at --11
) VALUES
('00000000-0000-0000-0000-000000000001','90000000-0000-0000-0000-000000000001',10,1,'Something 1','2030-02-12','2030-02-12',10,999,998,'1999-01-01','2024-01-01'),
('00000000-0000-0000-0000-000000000002','90000000-0000-0000-0000-000000000002',11,1,'Something 2','2030-02-12','2030-02-12',80,999,998,'1999-01-01','2024-01-01'),
('00000000-0000-0000-0000-000000000003','90000000-0000-0000-0000-000000000003',12,1,'Something 3','2030-02-12','2030-02-12',20,999,998,'1999-01-01','2024-01-01'),
('00000000-0000-0000-0000-000000000004','90000000-0000-0000-0000-000000000004',13,1,NULL,'2030-02-12','2030-02-12',90,999,998,'1999-01-01','2024-01-01');

INSERT INTO public.request_partner(
    uuid,
    request_uuid,
    supplier_id
) VALUES
('00000000-0000-0000-0000-100000000001', '00000000-0000-0000-0000-000000000001', 345),
('00000000-0000-0000-0000-100000000002', '00000000-0000-0000-0000-000000000002', 456),
('00000000-0000-0000-0000-100000000003', '00000000-0000-0000-0000-000000000003', 567),
('00000000-0000-0000-0000-100000000004', '00000000-0000-0000-0000-000000000004', 678);

INSERT INTO public.proposal_head(
    uuid,
    request_uuid,
    supplier_uuid,
    hierarchy_uuid,
    start_date,
    end_date,
    created_by,
    changed_by,
    created_at,
    changed_at,
    receive_date,
    status_check_id
) VALUES
('00000000-0000-0000-0000-000000000001','00000000-0000-0000-0000-000000000001','00000000-0000-0000-0000-100000000001', '00000000-0000-0000-0001-000000000001', now(),now(),999,998,'1999-01-01','2024-01-01','2024-01-01 00:00:00',30),
('00000000-0000-0000-0000-000000000002','00000000-0000-0000-0000-000000000002','00000000-0000-0000-0000-100000000002', '00000000-0000-0000-0001-000000000002', now(),now(),999,998,'1999-01-01','2024-01-01','2024-01-01 00:00:00',40),
('00000000-0000-0000-0000-000000000003','00000000-0000-0000-0000-000000000003','00000000-0000-0000-0000-100000000003', '00000000-0000-0000-0001-000000000003', now(),now(),999,998,'1999-01-01','2024-01-01','2024-01-01 00:00:00',40),
('00000000-0000-0000-0000-000000000004','00000000-0000-0000-0000-000000000004','00000000-0000-0000-0000-100000000004', '00000000-0000-0000-0001-000000000004', now(),now(),999,998,'1999-01-01','2024-01-01','2024-01-01 00:00:00',0),
('00000000-0000-0000-0000-000000000005','00000000-0000-0000-0000-000000000004','00000000-0000-0000-0000-100000000004', '00000000-0000-0000-0001-000000000005', now(),now(),999,998,'1999-01-01','2024-01-01','2024-01-01 00:00:00',0);
