INSERT INTO public.request_head(
    uuid,
    plan_uuid,
    plan_id, --3
    type_request_id,
    request_subject, --5
    start_date,
    end_date,
    status_id, --7
    created_by,
    changed_by, --9
    created_at,
    changed_at --11
) VALUES
('00000000-0000-0000-0000-000000000001','90000000-0000-0000-0000-000000000001',10,1,'help','2030-02-12','2030-02-12',10,999,998,'1999-01-01','2024-01-01'),
('00000000-0000-0000-0000-000000000002','90000000-0000-0000-0000-000000000002',11,1,'help','2030-02-12','2030-02-12',10,999,998,'1999-01-01','2024-01-01'),
('00000000-0000-0000-0000-000000000003','90000000-0000-0000-0000-000000000003',12,1,'help','2030-02-12','2030-02-12',10,999,998,'1999-01-01','2024-01-01'),
('00000000-0000-0000-0000-000000000004','90000000-0000-0000-0000-000000000004',13,1,'help','2030-02-12','2030-02-12',10,999,998,'1999-01-01','2024-01-01');

INSERT INTO public.request_item(
    uuid,
    "number",
    request_uuid,
    plan_item_uuid,
    delivery_start_date,
    delivery_end_date
) VALUES
('00000000-0000-0000-0000-000000000001', 1, '00000000-0000-0000-0000-000000000001','81000000-0000-0000-0000-000000000001','1999-01-01','1999-10-10'),
('00000000-0000-0000-0000-000000000002', 2, '00000000-0000-0000-0000-000000000001','81000000-0000-0000-0000-000000000002','1999-01-01','1999-10-10'),
('00000000-0000-0000-0000-000000000003', 3, '00000000-0000-0000-0000-000000000002','82000000-0000-0000-0000-000000000003','1999-01-01','1999-10-10'),
('00000000-0000-0000-0000-000000000004', 4, '00000000-0000-0000-0000-000000000002','82000000-0000-0000-0000-000000000004','1999-01-01','1999-10-10'),
('00000000-0000-0000-0000-000000000005', 5, '00000000-0000-0000-0000-000000000003','83000000-0000-0000-0000-000000000005','1999-01-01','1999-10-10');

INSERT INTO public.request_partner(
    uuid,
    request_uuid
) VALUES
('00000000-0000-0000-0000-100000000001', '00000000-0000-0000-0000-000000000001'),
('00000000-0000-0000-0000-100000000002', '00000000-0000-0000-0000-000000000002'),
('00000000-0000-0000-0000-100000000003', '00000000-0000-0000-0000-000000000003'),
('00000000-0000-0000-0000-100000000004', '00000000-0000-0000-0000-000000000004');

INSERT INTO public.proposal_head(
    uuid,
    request_uuid,
    supplier_uuid,
    start_date,
    end_date,
    created_by,
    changed_by,
    created_at,
    changed_at,
    receive_date
) VALUES
('00000000-0000-0000-0000-000000000001','00000000-0000-0000-0000-000000000001','00000000-0000-0000-0000-100000000001','2025-01-10','2025-01-20',999,998,'1999-01-01','2024-01-01','2024-01-01 00:00:00'),
('00000000-0000-0000-0000-000000000002','00000000-0000-0000-0000-000000000002','00000000-0000-0000-0000-100000000002','2025-01-10','2025-01-20',999,998,'1999-01-01','2024-01-01','2024-01-01 00:00:00'),
('00000000-0000-0000-0000-000000000003','00000000-0000-0000-0000-000000000003','00000000-0000-0000-0000-100000000003','2025-01-10','2025-01-20',999,998,'1999-01-01','2024-01-01','2024-01-01 00:00:00'),
('00000000-0000-0000-0000-000000000004','00000000-0000-0000-0000-000000000004','00000000-0000-0000-0000-100000000004','2025-01-10','2025-01-20',999,998,'1999-01-01','2024-01-01','2024-01-01 00:00:00');

INSERT INTO public.organization_question
(
	uuid,
	question_text,
    answer_uuid,
	request_uuid,
	supplier_uuid,
	created_by,
	question_created_at,
    answer_created_at,
    supplier_id
) VALUES
('00000000-0000-0000-0000-100000000001','?',null,'00000000-0000-0000-0000-000000000001','00000000-0000-0000-0000-100000000001',999,now(),null,1),
('00000000-0000-0000-0000-100000000003','?',null,'00000000-0000-0000-0000-000000000002','00000000-0000-0000-0000-100000000002',999,now(),null,2),
('00000000-0000-0000-0000-100000000005','?',null,'00000000-0000-0000-0000-000000000003','00000000-0000-0000-0000-100000000003',999,now(),null,3),
('00000000-0000-0000-0000-100000000006','?',null,'00000000-0000-0000-0000-000000000004','00000000-0000-0000-0000-100000000004',999,now(),null,4),
('00000000-0000-0000-0000-100000000009','?',null,'00000000-0000-0000-0000-000000000004','00000000-0000-0000-0000-100000000004',999,now(),now(),5);
