INSERT INTO public.request_head(
    uuid,
    plan_uuid,
    plan_id, --3
    type_request_id,
    request_subject, --5
    start_date,
    end_date,
    status_id, --7
    created_by,
    changed_by, --9
    created_at,
    changed_at --11
) VALUES
('00000000-0000-0000-0000-000000000001','90000000-0000-0000-0000-000000000002',11,1,'help','2030-02-12','2030-02-12',10,999,998,'1999-01-01','2024-01-01'),
('00000000-0000-0000-0000-000000000002','90000000-0000-0000-0000-000000000002',11,1,'help','2030-02-12','2030-02-12',10,999,998,'1999-01-01','2024-01-01'),
-- Не подходит по status_id
('00000000-0000-0000-0000-000000000003','90000000-0000-0000-0000-000000000002',11,1,'help','2030-02-12','2030-02-12',140,999,998,'1999-01-01','2024-01-01'),
-- Не подходит по plan_uuid
('00000000-0000-0000-0000-000000000004','90000000-0000-0000-0000-000000000003',12,1,'help','2030-02-12','2030-02-12',10,999,998,'1999-01-01','2024-01-01');

INSERT INTO public.request_partner(
    uuid,
    request_uuid,
    supplier_id
) VALUES
('00000000-0000-0000-0000-100000000001', '00000000-0000-0000-0000-000000000001', 1),
('00000000-0000-0000-0000-100000000002', '00000000-0000-0000-0000-000000000002', 2);

INSERT INTO public.proposal_head(
    uuid,
    supplier_uuid,
    request_uuid,
    hierarchy_uuid,
    sum_excluded_vat_total,
    contact_phone,
    currency_id,
    start_date,
    end_date,
    status_id,
    status_check_id,
    result_id,
    created_by,
    changed_by,
    created_at,
    changed_at
) VALUES
('00000000-0000-0000-0000-000000000001','00000000-0000-0000-0000-100000000001','00000000-0000-0000-0000-000000000001','00000000-0000-0000-0000-100000000001',55,'4421762',11,'1999-02-03','2035-03-04',20,30,50,999,998,now(),now()),
('00000000-0000-0000-0000-000000000002','00000000-0000-0000-0000-100000000002','00000000-0000-0000-0000-000000000002','90000000-0000-0000-0000-000000000002',1100,'c411m3',3,'1999-01-01','2035-01-10',20,30,50,999,998,now(),now()),
-- Не подходит по result_id
('00000000-0000-0000-0000-000000000003','00000000-0000-0000-0000-100000000002','00000000-0000-0000-0000-000000000002','90000000-0000-0000-0000-000000000002',1100,'c411m3',3,'1999-01-01','2035-01-10',20,30,60,999,998,now(),now()),
-- Не подходит по status_id
('00000000-0000-0000-0000-000000000004','00000000-0000-0000-0000-100000000002','00000000-0000-0000-0000-000000000002','90000000-0000-0000-0000-000000000002',1100,'c411m3',3,'1999-01-01','2035-01-10',25,30,50,999,998,now(),now());

INSERT INTO public.proposal_item(
    uuid,
    number,
    description_internal,
    quantity,
    unit_id,
    price,
    vat_id,
    sum_excluded_vat,
    sum_included_vat,
    manufacturer,
    mark,
    execution_percent,
    pay_condition_id,
    prepayment_percent,
    delivery_condition,
    is_possibility,
    possibility_note,
    analog_description,
    delivery_period,
    request_item_uuid,
    proposal_uuid
) VALUES
('00000000-0000-0000-0000-000000000004',1,'very good',5000,55,1200,11,1100,1300,'Ichigo Station Design','3',99,1,1,'On a blue moon',true,'Really?','010101','2001-02-20 00:00:00', '00000000-0000-0000-0000-000000000001', '00000000-0000-0000-0000-000000000001'),
('00000000-0000-0000-0000-000000000005',2,'very bad',5500,55,1300,11,1600,1800,'','3',99,1,1,'On a blue moon',true,'Really?','010101','2001-02-20 00:00:00', '00000000-0000-0000-0000-000000000002', '00000000-0000-0000-0000-000000000002');
